-- -------------------------------
-- PROFESORES
-- -------------------------------

INSERT IGNORE INTO facultades (id, nombre) VALUES
(1, 'UTN'),
(2, 'UBA'),
(3, 'UADE');

INSERT IGNORE INTO carreras (id, nombre, id_facultad) VALUES
(1, 'Ing. Sistemas', 1),
(2, 'Medicina', 2),
(3, 'Economia', 3),
(4, 'Contador Publico', 3); 

INSERT IGNORE INTO profesores (id, nombre, apellido, titulo, id_facultad, id_materia) VALUES
-- FACULTAD 3 - CONTADOR UNSAM (materias 1–37)
(1,'Sergio','Benítez','Contador Público',3,1),
(2,'Mariela','Soto','Lic. en Economía',3,2),
(3,'Gabriel','Rivas','Lic. en Matemática',3,3),
(4,'Luciana','Domínguez','Lic. en Administración',3,4),
(5,'Roberto','Suárez','Abogado',3,5),
(6,'Paula','Fernández','Lic. en Economía',3,6),
(7,'Federico','López','Lic. en Matemática',3,7),
(8,'Camila','Varela','Contador Público',3,8),
(9,'Jorge','Quiroga','Lic. en Filosofía',3,9),
(10,'Daniela','Roldán','Lic. en Historia',3,10),
(11,'Hernán','Martínez','Lic. en Estadística',3,11),
(12,'Melina','Sosa','Lic. en Finanzas',3,12),
(13,'Marcos','Barrios','Abogado',3,13),
(14,'Florencia','Paredes','Lic. en Economía',3,14),
(15,'Agustín','Rossi','Contador Público',3,15),
(16,'Carolina','Gaitán','Lic. en Administración',3,16),
(17,'Martín','Arce','Lic. en Economía',3,17),
(18,'Julieta','Lagos','Lic. en Marketing',3,18),
(19,'Pablo','Maidana','Contador Público',3,19),
(20,'Laura','Carrizo','Lic. en Administración',3,20),
(21,'Nicolás','Peralta','Abogado',3,21),
(22,'Brenda','Muñoz','Lic. en Proyectos',3,22),
(23,'Esteban','Vega','Especialista en Impuestos',3,23),
(24,'Valeria','Montes','Lic. en Administración',3,24),
(25,'Rocío','Ojeda','Lic. en Estadística',3,25),
(26,'Matías','Giménez','Contador Público',3,26),
(27,'Micaela','Aguilar','Lic. en Administración',3,27),
(28,'Gustavo','Correa','Lic. en Dirección General',3,28),
(29,'Ana','Gómez','Lic. en Gestión Empresarial',3,29),
(30,'Sofía','Herrera','Lic. en Administración',3,30),
(31,'Ignacio','Portillo','Contador Público',3,31),
(32,'Bárbara','Juárez','Especialista en Impuestos',3,32),
(33,'Tomás','Santana','Contador Público',3,33),
(34,'Fernanda','López','Abogada',3,34),
(35,'Leandro','Funes','Contador Público',3,35),
(36,'Marina','Silvestre','Contadora Pública',3,36),
(37,'Diego','Castaño','Lic. en Administración Pública',3,37),

-- FACULTAD 1 - UTN (materias 38–73)
(38,'Juan','Paredes','Ing. en Sistemas',1,38),
(39,'María','Luján','Ing. en Sistemas',1,39),
(40,'Carlos','Ratti','Lic. en Física',1,40),
(41,'Delfina','Paz','Prof. de Inglés',1,41),
(42,'Esteban','Ríos','Lic. en Computación',1,42),
(43,'Lucía','Montalvo','Ing. en Sistemas',1,43),
(44,'Germán','Torres','Ing. Electrónico',1,44),
(45,'Sofía','Beltrán','Lic. en Administración',1,45),
(46,'Franco','Almada','Lic. en Matemática',1,46),
(47,'Daniel','Quiroz','Lic. en Física',1,47),
(48,'Ana','Vera','Lic. en Sociedad y Tecnología',1,48),
(49,'Paula','Rizzo','Prof. de Inglés',1,49),
(50,'Tomás','Serrano','Lic. en Informática',1,50),
(51,'Victoria','Cruz','Ing. en Sistemas',1,51),
(52,'Leonardo','Mola','Ing. Electrónico',1,52),
(53,'Martina','Acosta','Ing. en Sistemas',1,53),
(54,'Julio','Cardona','Lic. en Estadística',1,54),
(55,'Romina','Vidal','Lic. en Economía',1,55),
(56,'Bruno','Guerra','Ing. en Sistemas',1,56),
(57,'Agustina','Linares','Lic. en Software',1,57),
(58,'Federico','Paz','Ing. en Telecomunicaciones',1,58),
(59,'Ezequiel','Bustos','Lic. en Computación',1,59),
(60,'Carla','Nuñez','Ing. en Sistemas',1,60),
(61,'Héctor','Barrera','Abogado',1,61),
(62,'Valentina','Silva','Ing. en Calidad de Software',1,62),
(63,'Rodrigo','Campos','Ing. en Redes',1,63),
(64,'Claudia','Ramos','Lic. en Matemática',1,64),
(65,'Mauro','Ibarra','Ing. en Sistemas',1,65),
(66,'Candela','Guzmán','Ing. en Automatización',1,66),
(67,'Julián','Reinoso','Ing. en Sistemas',1,67),
(68,'Lautaro','Morán','Lic. en IA',1,68),
(69,'Natalia','Fernández','Lic. en Ciencia de Datos',1,69),
(70,'Iván','Rivero','Lic. en Gestión de Sistemas',1,70),
(71,'Florencia','Pinto','Lic. en Gestión Gerencial',1,71),
(72,'Sebastián','Ferrari','Ing. en Seguridad Informática',1,72),
(73,'Andrea','Costa','Ing. en Sistemas',1,73),

-- FACULTAD 2 - UBA MEDICINA (materias 74–120)
(74,'Federico','Salgado','Médico',2,74),
(75,'Carolina','Moreyra','Médica',2,75),
(76,'Julián','Vega','Médico',2,76),
(77,'Romina','Sierra','Bioquímica',2,77),
(78,'Gabriel','Alvarado','Médico',2,78),
(79,'Patricia','Gallo','Bióloga',2,79),
(80,'Santiago','Miranda','Médico',2,80),
(81,'Luciana','Herrera','Médica',2,81),
(82,'Pablo','Rossi','Psiquiatra',2,82),
(83,'Cecilia','Ponce','Bioeticista',2,83),
(84,'Martín','Aguilar','Médico de Familia',2,84),
(85,'Silvia','Bustos','Bioquímica',2,85),
(86,'Tomás','Ledesma','Fisiología',2,86),
(87,'María','Bianchi','Microbióloga',2,87),
(88,'Nicolás','Villar','Patólogo',2,88),
(89,'Valeria','Fontana','Farmacóloga',2,89),
(90,'Jorge','Lagos','Médico Internista',2,90),
(91,'Florencia','Toledo','Patóloga',2,91),
(92,'Esteban','Soria','Farmacólogo',2,92),
(93,'Paula','Quintana','Salud Pública',2,93),
(94,'María','Ledesma','Bioeticista',2,94),
(95,'Ignacio','Correa','Médico Internista',2,95),
(96,'Ariana','Cano','Nutricionista',2,96),
(97,'Rodrigo','Santos','Radiólogo',2,97),
(98,'Andrea','Ibarra','Dermatóloga',2,98),
(99,'Benjamín','Calvo','Infectólogo',2,99),
(100,'Helena','Zárate','Neumonóloga',2,100),
(101,'Franco','Villalba','Neurólogo',2,101),
(102,'Leonor','Frías','Cirujana',2,102),
(103,'Marcos','Díaz','Urólogo',2,103),
(104,'Julieta','García','Traumatóloga',2,104),
(105,'Lautaro','Araya','Oftalmólogo',2,105),
(106,'Romina','Ferreyra','Otorrino',2,106),
(107,'Eduardo','Sánchez','Neurocirujano',2,107),
(108,'Carina','Godoy','Obstetra',2,108),
(109,'Nuria','Peralta','Ginecóloga',2,109),
(110,'Diego','Marino','Pediatra',2,110),
(111,'Carola','Bravo','Salud Pública',2,111),
(112,'Sergio','Videla','Psiquiatra',2,112),
(113,'Verónica','Campos','Médica Legal',2,113),
(114,'Jimena','Lagos','Toxicóloga',2,114),
(115,'Franco','Valdez','Médico Clínico',2,115),
(116,'Daniela','Paredes','Cirujana',2,116),
(117,'Florencia','Sánchez','Gineco-Obstetra',2,117),
(118,'Patricio','Rial','Pediatra',2,118),
(119,'Camila','Mercado','Psiquiatra',2,119),
(120,'Lucas','Ordoñez','Médico de Familia',2,120),

-- FACULTAD 3 - UNSAM ECONOMÍA (materias 121–152)
(121,'Agustín','Torres','Lic. en Economía',3,121),
(122,'Rocío','Frau','Lic. en Matemática',3,122),
(123,'Hugo','Villar','Lic. en Administración',3,123),
(124,'Marina','Pérez','Lic. en Filosofía',3,124),
(125,'Emilio','Soria','Contador Público',3,125),
(126,'Luciana','Gallo','Lic. en Matemática',3,126),
(127,'Ramiro','Silveira','Lic. en Economía',3,127),
(128,'Claudia','Mansilla','Abogada',3,128),
(129,'Diego','Leiva','Lic. en Estadística',3,129),
(130,'Patricia','Núñez','Lic. en Finanzas',3,130),
(131,'Gustavo','Álvarez','Lic. en Historia',3,131),
(132,'Viviana','Soria','Lic. en Filosofía',3,132),
(133,'Emanuel','Bustos','Lic. en Estadística',3,133),
(134,'Natalia','Ravelo','Lic. en Economía',3,134),
(135,'Rodolfo','Pinto','Lic. en Economía Política',3,135),
(136,'Francisco','Belmonte','Lic. en Metodología',3,136),
(137,'Carolina','Rivas','Lic. en Economía',3,137),
(138,'Damián','Ojeda','Lic. en Álgebra',3,138),
(139,'Miriam','Guzmán','Lic. en Economía',3,139),
(140,'Javier','Luna','Lic. en Proyectos',3,140),
(141,'Romina','Sánchez','Lic. en Pensamiento Económico',3,141),
(142,'Milton','Pereda','Lic. en Economía Matemática',3,142),
(143,'Santiago','Paz','Lic. en Economía Monetaria',3,143),
(144,'Micaela','Muñoz','Lic. en Sector Público',3,144),
(145,'Leandro','Viera','Lic. en Macroeconomía',3,145),
(146,'Valeria','Santos','Lic. en Econometría',3,146),
(147,'Ezequiel','Godoy','Lic. en Comercio Internacional',3,147),
(148,'Laura','Damico','Lic. en Actuación Profesional',3,148),
(149,'Fabricio','Román','Lic. en Economía Aplicada',3,149),
(150,'Noelia','Páez','Lic. en Econometría',3,150),
(151,'Ignacio','Barrios','Lic. en Desarrollo Económico',3,151),
(152,'Pamela','Agüero','Lic. en Actuación Profesional',3,152);

-- --------------------------------- -------------------------------
-- MATERIAS (IDs corregidos)
-- -------------------------------
INSERT IGNORE INTO materias (id, nombre, anio, id_carrera) VALUES
(1, 'Introducción al Pensamiento Crítico', 1, 4),
(2, 'Introducción a la Economía', 1, 4),
(3, 'Análisis Matemático I', 1, 4),
(4, 'Administración I', 1, 4),
(5, 'Derecho I', 1, 4),
(6, 'Estructura Económica Territorial', 1, 4),
(7, 'Análisis Matemático II', 1, 4),
(8, 'Contabilidad I', 1, 4),
(9, 'Filosofía Política y Social', 2, 4),
(10, 'Historia Económica Argentina y Mundial', 2, 4),
(11, 'Estadística', 2, 4),
(12, 'Finanzas', 2, 4),
(13, 'Derecho II', 2, 4),
(14, 'Economía de Empresas', 2, 4),
(15, 'Contabilidad II', 2, 4),
(16, 'Administración II', 2, 4),
(17, 'Teoría y Política Macroeconómica', 3, 4),
(18, 'Marketing y Análisis de los Mercados', 3, 4),
(19, 'Costos', 3, 4),
(20, 'Administración III', 3, 4),
(21, 'Derecho III', 3, 4),
(22, 'Proyectos de Inversión', 3, 4),
(23, 'Impuestos', 3, 4),
(24, 'Administración IV', 3, 4),
(25, 'Investigación Operativa', 4, 4),
(26, 'Contabilidad Gerencial', 4, 4),
(27, 'Administración V', 4, 4),
(28, 'Dirección General', 4, 4),
(29, 'Simulación de Negocios', 4, 4),
(30, 'Administración VI', 4, 4),
(31, 'Sistemas de Costos y Gestión', 5, 4),
(32, 'Técnica Impositiva', 5, 4),
(33, 'Estados Contables', 5, 4),
(34, 'Sindicatura Concursal y Actuación en la Justicia', 5, 4),
(35, 'Contabilidad y Presupuesto en Actividades Diferenciadas', 5, 4),
(36, 'Auditoría', 5, 4),
(37, 'Contabilidad y Presupuesto en el Sector Público', 5, 4),

-- id_carrera = 1 (arranca desde 38)
(38, 'Análisis Matemático I', 1, 1),
(39, 'Álgebra y Geometría Analítica', 1, 1),
(40, 'Física I', 1, 1),
(41, 'Inglés I', 1, 1),
(42, 'Lógica y Estructuras Discretas', 1, 1),
(43, 'Algoritmos y Estructuras de Datos', 1, 1),
(44, 'Arquitectura de Computadoras', 1, 1),
(45, 'Sistemas y Procesos de Negocio', 1, 1),
(46, 'Análisis Matemático II', 2, 1),
(47, 'Física II', 2, 1),
(48, 'Ingeniería y Sociedad', 2, 1),
(49, 'Inglés II', 2, 1),
(50, 'Sintaxis y Semántica de los Lenguajes', 2, 1),
(51, 'Paradigmas de Programación', 2, 1),
(52, 'Sistemas Operativos', 2, 1),
(53, 'Análisis de Sistemas de Información', 2, 1),
(54, 'Probabilidad y Estadística', 3, 1),
(55, 'Economía', 3, 1),
(56, 'Bases de Datos', 3, 1),
(57, 'Desarrollo de Software', 3, 1),
(58, 'Comunicación de Datos', 3, 1),
(59, 'Análisis Numérico', 3, 1),
(60, 'Diseño de Sistemas de Información', 3, 1),
(61, 'Legislación', 4, 1),
(62, 'Ingeniería y Calidad de Software', 4, 1),
(63, 'Redes de Datos', 4, 1),
(64, 'Investigación Operativa', 4, 1),
(65, 'Simulación', 4, 1),
(66, 'Tecnologías para la automatización', 4, 1),
(67, 'Administración de Sistemas de Información', 4, 1),
(68, 'Inteligencia Artificial', 5, 1),
(69, 'Ciencia de Datos', 5, 1),
(70, 'Sistemas de Gestión', 5, 1),
(71, 'Gestión Gerencial', 5, 1),
(72, 'Seguridad en los Sistemas de Información', 5, 1),
(73, 'Proyecto Final', 5, 1),

-- id_carrera = 2 (arranca desde 74)
(74, 'Química', 0, 2),
(75, 'Introducción al Conocimiento de la Sociedad y el Estado', 0, 2),
(76, 'Introducción al Pensamiento Científico', 0, 2),
(77, 'Matemática', 0, 2),
(78, 'Física e Introducción a la Biofísica', 0, 2),
(79, 'Biología e Introducción a la Biología Celular', 0, 2),
(80, 'Anatomía', 1, 2),
(81, 'Histología - Biología Celular - Embriología - Genética', 1, 2),
(82, 'Salud Mental', 1, 2),
(83, 'Bioética I', 1, 2),
(84, 'Medicina Familiar I', 1, 2),
(85, 'Química Biológica', 2, 2),
(86, 'Fisiología y Biofísica', 2, 2),
(87, 'Microbiología - Parasitología - Inmunología', 3, 2),
(88, 'Patología I', 3, 2),
(89, 'Farmacología I', 3, 2),
(90, 'Medicina 1 (Semiología - Fisiopatología)', 4, 2),
(91, 'Patología II', 4, 2),
(92, 'Farmacología II', 4, 2),
(93, 'Salud Pública I', 4, 2),
(94, 'Bioética II', 4, 2),
(95, 'Medicina 2 (Medicina Interna)', 5, 2),
(96, 'Nutrición', 5, 2),
(97, 'Diagnóstico por Imágenes', 5, 2),
(98, 'Dermatología', 5, 2),
(99, 'Infectología', 5, 2),
(100, 'Neumonología', 5, 2),
(101, 'Neurología', 5, 2),
(102, 'Cirugía General', 5, 2),
(103, 'Urología', 5, 2),
(104, 'Ortopedia - Traumatología', 5, 2),
(105, 'Oftalmología', 5, 2),
(106, 'Otorrinolaringología', 5, 2),
(107, 'Neurocirugía', 5, 2),
(108, 'Obstetricia', 5, 2),
(109, 'Ginecología', 5, 2),
(110, 'Pediatría', 5, 2),
(111, 'Salud Pública II', 5, 2),
(112, 'Psiquiatría', 5, 2),
(113, 'Medicina Legal - Deontología Médica', 5, 2),
(114, 'Toxicología', 5, 2),
(115, 'Medicina (IAR)', 6, 2),
(116, 'Cirugía (IAR)', 6, 2),
(117, 'Tocoginecología (IAR)', 6, 2),
(118, 'Pediatría (IAR)', 6, 2),
(119, 'Salud Mental (IAR)', 6, 2),
(120, 'Atención Primaria en Áreas Progr. (Medicina Familiar II)', 6, 2),

-- id_carrera = 3 (arranca desde 121)
(121, 'Introducción a la Economía', 1, 3),
(122, 'Análisis Matemático I', 1, 3),
(123, 'Administración', 1, 3),
(124, 'Introducción al Pensamiento Crítico', 1, 3),
(125, 'Contabilidad I', 1, 3),
(126, 'Análisis Matemático II', 1, 3),
(127, 'Estructura Económica Territorial', 1, 3),
(128, 'Derecho', 1, 3),
(129, 'Estadística I', 2, 3),
(130, 'Finanzas', 2, 3),
(131, 'Historia Económica Argentina y Mundial', 2, 3),
(132, 'Filosofía Política y Social', 2, 3),
(133, 'Estadística II', 2, 3),
(134, 'Microeconomía I', 2, 3),
(135, 'Economía Política Clásica', 2, 3),
(136, 'Metodología de la Investigación Científica', 2, 3),
(137, 'Macroeconomía I', 3, 3),
(138, 'Álgebra Lineal', 3, 3),
(139, 'Microeconomía II', 3, 3),
(140, 'Evaluación Económica de Proyectos de Inversión', 3, 3),
(141, 'Pensamiento Económico Contemporáneo', 3, 3),
(142, 'Economía Matemática I', 3, 3),
(143, 'Economía Monetaria', 3, 3),
(144, 'Economía del Sector Público', 3, 3),
(145, 'Macroeconomía II', 4, 3),
(146, 'Econometría I', 4, 3),
(147, 'Economía Internacional', 4, 3),
(148, 'Actuación Profesional I (Electiva)', 4, 3),
(149, 'Análisis Económico Aplicado', 4, 3),
(150, 'Econometría II', 4, 3),
(151, 'Crecimiento y Desarrollo Económico', 4, 3),
(152, 'Actuación Profesional II (Electiva)', 4, 3);




